task_id,category,time_period,news_group,task_index,total_samples_in_category,samples_used_for_tasks,support_size,query_size,positive_ratio,avg_news_age,cold_samples_used,hot_samples_used
period0_cold_task0,period0_cold,0,cold,0,3918,2500,32,32,0.4375,1.3185577430555555,,
period0_cold_task1,period0_cold,0,cold,1,3918,2500,32,32,0.21875,2.313629227430556,,
period0_cold_task2,period0_cold,0,cold,2,3918,2500,32,32,0.25,2.261732378472222,,
period0_cold_task3,period0_cold,0,cold,3,3918,2500,32,32,0.21875,2.0044706163194443,,
period0_cold_task4,period0_cold,0,cold,4,3918,2500,32,32,0.375,2.1687522135416666,,
period0_cold_task5,period0_cold,0,cold,5,3918,2500,32,32,0.28125,1.5478107378472223,,
period0_cold_task6,period0_cold,0,cold,6,3918,2500,32,32,0.375,1.88175578125,,
period0_cold_task7,period0_cold,0,cold,7,3918,2500,32,32,0.53125,2.187274722222222,,
period0_cold_task8,period0_cold,0,cold,8,3918,2500,32,32,0.40625,0.52434859375,,
period0_cold_task9,period0_cold,0,cold,9,3918,2500,32,32,0.375,1.7929601041666667,,
period0_cold_task10,period0_cold,0,cold,10,3918,2500,32,32,0.53125,2.271379626736111,,
period0_cold_task11,period0_cold,0,cold,11,3918,2500,32,32,0.3125,0.5492731944444444,,
period0_cold_task12,period0_cold,0,cold,12,3918,2500,32,32,0.34375,1.2301284982638887,,
period0_cold_task13,period0_cold,0,cold,13,3918,2500,32,32,0.40625,0.4140783593749997,,
period0_cold_task14,period0_cold,0,cold,14,3918,2500,32,32,0.46875,2.069137300347222,,
period0_cold_task15,period0_cold,0,cold,15,3918,2500,32,32,0.25,2.161916171875,,
period0_cold_task16,period0_cold,0,cold,16,3918,2500,32,32,0.46875,0.5366579166666665,,
period0_cold_task17,period0_cold,0,cold,17,3918,2500,32,32,0.28125,2.039730833333333,,
period0_cold_task18,period0_cold,0,cold,18,3918,2500,32,32,0.40625,2.1244794097222224,,
period0_cold_task19,period0_cold,0,cold,19,3918,2500,32,32,0.25,1.4048802864583334,,
period0_cold_task20,period0_cold,0,cold,20,3918,2500,32,32,0.4375,1.5233451475694446,,
period0_cold_task21,period0_cold,0,cold,21,3918,2500,32,32,0.21875,2.242248862847222,,
period0_cold_task22,period0_cold,0,cold,22,3918,2500,32,32,0.375,1.7935676909722222,,
period0_cold_task23,period0_cold,0,cold,23,3918,2500,32,32,0.34375,2.2666391059027777,,
period0_cold_task24,period0_cold,0,cold,24,3918,2500,32,32,0.1875,2.1590197309027777,,
period0_cold_task25,period0_cold,0,cold,25,3918,2500,32,32,0.3125,1.9719074565972223,,
period0_cold_task26,period0_cold,0,cold,26,3918,2500,32,32,0.4375,1.4876040017361112,,
period0_cold_task27,period0_cold,0,cold,27,3918,2500,32,32,0.40625,1.4012252430555554,,
period0_cold_task28,period0_cold,0,cold,28,3918,2500,32,32,0.40625,2.0361321961805556,,
period0_cold_task29,period0_cold,0,cold,29,3918,2500,32,32,0.375,1.892119392361111,,
period0_cold_task30,period0_cold,0,cold,30,3918,2500,32,32,0.5,0.9465137847222224,,
period0_cold_task31,period0_cold,0,cold,31,3918,2500,32,32,0.4375,1.6127074479166668,,
period0_cold_task32,period0_cold,0,cold,32,3918,2500,32,32,0.1875,2.2082732552083337,,
period0_cold_task33,period0_cold,0,cold,33,3918,2500,32,32,0.375,-0.018381961805555402,,
period0_cold_task34,period0_cold,0,cold,34,3918,2500,32,32,0.21875,1.6866162239583333,,
period0_cold_task35,period0_cold,0,cold,35,3918,2500,32,32,0.4375,1.1855812239583334,,
period0_cold_task36,period0_cold,0,cold,36,3918,2500,32,32,0.25,1.0163229166666667,,
period0_cold_task37,period0_cold,0,cold,37,3918,2500,32,32,0.25,1.9976041753472222,,
period0_cold_task38,period0_cold,0,cold,38,3918,2500,32,32,0.5,1.868002456597222,,
period1_cold_task0,period1_cold,1,cold,0,245,245,32,32,0.59375,-2.721025642361111,,
period1_cold_task1,period1_cold,1,cold,1,245,245,32,32,0.6875,-4.307960243055556,,
period1_cold_task2,period1_cold,1,cold,2,245,245,32,32,0.34375,-11.003293072916666,,
period2_cold_task0,period2_cold,2,cold,0,1804,1804,32,32,0.0625,1.083603394097222,,
period2_cold_task1,period2_cold,2,cold,1,1804,1804,32,32,0.28125,0.9888097048611111,,
period2_cold_task2,period2_cold,2,cold,2,1804,1804,32,32,0.0,0.9199459461805556,,
period2_cold_task3,period2_cold,2,cold,3,1804,1804,32,32,0.09375,0.8954034374999998,,
period2_cold_task4,period2_cold,2,cold,4,1804,1804,32,32,0.125,1.393585729166667,,
period2_cold_task5,period2_cold,2,cold,5,1804,1804,32,32,0.125,1.2396313020833332,,
period2_cold_task6,period2_cold,2,cold,6,1804,1804,32,32,0.15625,0.994809548611111,,
period2_cold_task7,period2_cold,2,cold,7,1804,1804,32,32,0.03125,1.3957693489583334,,
period2_cold_task8,period2_cold,2,cold,8,1804,1804,32,32,0.125,1.2539322743055554,,
period2_cold_task9,period2_cold,2,cold,9,1804,1804,32,32,0.125,0.5472954947916667,,
period2_cold_task10,period2_cold,2,cold,10,1804,1804,32,32,0.0625,-0.08829328125000013,,
period2_cold_task11,period2_cold,2,cold,11,1804,1804,32,32,0.15625,0.9747208940972222,,
period2_cold_task12,period2_cold,2,cold,12,1804,1804,32,32,0.125,1.331517282986111,,
period2_cold_task13,period2_cold,2,cold,13,1804,1804,32,32,0.0625,1.0793341145833333,,
period2_cold_task14,period2_cold,2,cold,14,1804,1804,32,32,0.09375,1.3263065364583333,,
period2_cold_task15,period2_cold,2,cold,15,1804,1804,32,32,0.125,0.8639267968750001,,
period2_cold_task16,period2_cold,2,cold,16,1804,1804,32,32,0.15625,0.6623994097222222,,
period2_cold_task17,period2_cold,2,cold,17,1804,1804,32,32,0.03125,0.7966390798611112,,
period2_cold_task18,period2_cold,2,cold,18,1804,1804,32,32,0.09375,-0.44254789930555527,,
period2_cold_task19,period2_cold,2,cold,19,1804,1804,32,32,0.0625,1.047047092013889,,
period2_cold_task20,period2_cold,2,cold,20,1804,1804,32,32,0.125,-1.0749763628472224,,
period2_cold_task21,period2_cold,2,cold,21,1804,1804,32,32,0.125,-0.012417204861111197,,
period2_cold_task22,period2_cold,2,cold,22,1804,1804,32,32,0.03125,1.0406941927083335,,
period2_cold_task23,period2_cold,2,cold,23,1804,1804,32,32,0.0625,0.8735608767361112,,
period2_cold_task24,period2_cold,2,cold,24,1804,1804,32,32,0.03125,0.28466081597222237,,
period2_cold_task25,period2_cold,2,cold,25,1804,1804,32,32,0.15625,1.157558671875,,
period2_cold_task26,period2_cold,2,cold,26,1804,1804,32,32,0.03125,0.8216561631944445,,
period2_cold_task27,period2_cold,2,cold,27,1804,1804,32,32,0.0625,0.8466506336805557,,
period3_cold_task0,period3_cold,3,cold,0,24729,2500,32,32,0.0625,1.5106966059027778,,
period3_cold_task1,period3_cold,3,cold,1,24729,2500,32,32,0.125,1.7154934722222221,,
period3_cold_task2,period3_cold,3,cold,2,24729,2500,32,32,0.09375,1.551826935763889,,
period3_cold_task3,period3_cold,3,cold,3,24729,2500,32,32,0.125,1.2430667881944446,,
period3_cold_task4,period3_cold,3,cold,4,24729,2500,32,32,0.03125,1.4655440885416666,,
period3_cold_task5,period3_cold,3,cold,5,24729,2500,32,32,0.09375,-0.08084197048611108,,
period3_cold_task6,period3_cold,3,cold,6,24729,2500,32,32,0.03125,1.4407721440972223,,
period3_cold_task7,period3_cold,3,cold,7,24729,2500,32,32,0.15625,-1.1025046614583336,,
period3_cold_task8,period3_cold,3,cold,8,24729,2500,32,32,0.125,1.2899916666666669,,
period3_cold_task9,period3_cold,3,cold,9,24729,2500,32,32,0.0625,1.3787274739583335,,
period3_cold_task10,period3_cold,3,cold,10,24729,2500,32,32,0.09375,1.3373029340277776,,
period3_cold_task11,period3_cold,3,cold,11,24729,2500,32,32,0.15625,1.2676288628472223,,
period3_cold_task12,period3_cold,3,cold,12,24729,2500,32,32,0.0625,1.409499236111111,,
period3_cold_task13,period3_cold,3,cold,13,24729,2500,32,32,0.125,1.3292436371527778,,
period3_cold_task14,period3_cold,3,cold,14,24729,2500,32,32,0.03125,1.2278224652777776,,
period3_cold_task15,period3_cold,3,cold,15,24729,2500,32,32,0.03125,1.3090287934027778,,
period3_cold_task16,period3_cold,3,cold,16,24729,2500,32,32,0.15625,0.9149784027777779,,
period3_cold_task17,period3_cold,3,cold,17,24729,2500,32,32,0.125,1.3587634375,,
period3_cold_task18,period3_cold,3,cold,18,24729,2500,32,32,0.0625,1.4795951822916669,,
period3_cold_task19,period3_cold,3,cold,19,24729,2500,32,32,0.03125,1.3594497743055558,,
period3_cold_task20,period3_cold,3,cold,20,24729,2500,32,32,0.125,1.7304099392361112,,
period3_cold_task21,period3_cold,3,cold,21,24729,2500,32,32,0.0625,1.3724092708333333,,
period3_cold_task22,period3_cold,3,cold,22,24729,2500,32,32,0.125,1.4812653385416668,,
period3_cold_task23,period3_cold,3,cold,23,24729,2500,32,32,0.125,1.5426912152777779,,
period3_cold_task24,period3_cold,3,cold,24,24729,2500,32,32,0.0625,1.3669088454861111,,
period3_cold_task25,period3_cold,3,cold,25,24729,2500,32,32,0.125,1.9133483072916664,,
period3_cold_task26,period3_cold,3,cold,26,24729,2500,32,32,0.0625,1.512712543402778,,
period3_cold_task27,period3_cold,3,cold,27,24729,2500,32,32,0.0625,1.418333967013889,,
period3_cold_task28,period3_cold,3,cold,28,24729,2500,32,32,0.0625,1.6632296614583333,,
period3_cold_task29,period3_cold,3,cold,29,24729,2500,32,32,0.125,0.6024065364583333,,
period3_cold_task30,period3_cold,3,cold,30,24729,2500,32,32,0.09375,1.0931786545138888,,
period3_cold_task31,period3_cold,3,cold,31,24729,2500,32,32,0.125,1.2664245138888888,,
period3_cold_task32,period3_cold,3,cold,32,24729,2500,32,32,0.1875,1.3748946180555555,,
period3_cold_task33,period3_cold,3,cold,33,24729,2500,32,32,0.15625,1.450778142361111,,
period3_cold_task34,period3_cold,3,cold,34,24729,2500,32,32,0.03125,1.2843800781249999,,
period3_cold_task35,period3_cold,3,cold,35,24729,2500,32,32,0.125,1.4033077951388888,,
period3_cold_task36,period3_cold,3,cold,36,24729,2500,32,32,0.1875,1.5225607986111114,,
period3_cold_task37,period3_cold,3,cold,37,24729,2500,32,32,0.125,1.4496067881944446,,
period3_cold_task38,period3_cold,3,cold,38,24729,2500,32,32,0.09375,1.406395815972222,,
period4_cold_task0,period4_cold,4,cold,0,36448,2500,32,32,0.0625,1.7353863975694446,,
period4_cold_task1,period4_cold,4,cold,1,36448,2500,32,32,0.21875,1.6635832986111112,,
period4_cold_task2,period4_cold,4,cold,2,36448,2500,32,32,0.125,1.6753663194444446,,
period4_cold_task3,period4_cold,4,cold,3,36448,2500,32,32,0.1875,1.5822111892361113,,
period4_cold_task4,period4_cold,4,cold,4,36448,2500,32,32,0.28125,1.7747398003472221,,
period4_cold_task5,period4_cold,4,cold,5,36448,2500,32,32,0.09375,1.6599587413194443,,
period4_cold_task6,period4_cold,4,cold,6,36448,2500,32,32,0.21875,1.7971451302083332,,
period4_cold_task7,period4_cold,4,cold,7,36448,2500,32,32,0.15625,1.5820427777777777,,
period4_cold_task8,period4_cold,4,cold,8,36448,2500,32,32,0.21875,1.79371390625,,
period4_cold_task9,period4_cold,4,cold,9,36448,2500,32,32,0.125,1.6048444270833333,,
period4_cold_task10,period4_cold,4,cold,10,36448,2500,32,32,0.21875,1.7014055815972222,,
period4_cold_task11,period4_cold,4,cold,11,36448,2500,32,32,0.1875,1.8119433159722225,,
period4_cold_task12,period4_cold,4,cold,12,36448,2500,32,32,0.21875,1.6618364756944444,,
period4_cold_task13,period4_cold,4,cold,13,36448,2500,32,32,0.1875,1.5067401909722222,,
period4_cold_task14,period4_cold,4,cold,14,36448,2500,32,32,0.125,1.9619532118055556,,
period4_cold_task15,period4_cold,4,cold,15,36448,2500,32,32,0.3125,1.4633381423611111,,
period4_cold_task16,period4_cold,4,cold,16,36448,2500,32,32,0.09375,1.5813200694444445,,
period4_cold_task17,period4_cold,4,cold,17,36448,2500,32,32,0.125,1.7909136805555557,,
period4_cold_task18,period4_cold,4,cold,18,36448,2500,32,32,0.15625,1.7424629427083334,,
period4_cold_task19,period4_cold,4,cold,19,36448,2500,32,32,0.28125,0.7950875347222223,,
period4_cold_task20,period4_cold,4,cold,20,36448,2500,32,32,0.34375,0.7678519791666667,,
period4_cold_task21,period4_cold,4,cold,21,36448,2500,32,32,0.09375,1.0006393229166668,,
period4_cold_task22,period4_cold,4,cold,22,36448,2500,32,32,0.21875,1.5238697222222224,,
period4_cold_task23,period4_cold,4,cold,23,36448,2500,32,32,0.09375,1.539449548611111,,
period4_cold_task24,period4_cold,4,cold,24,36448,2500,32,32,0.1875,1.858938784722222,,
period4_cold_task25,period4_cold,4,cold,25,36448,2500,32,32,0.09375,1.768086189236111,,
period4_cold_task26,period4_cold,4,cold,26,36448,2500,32,32,0.25,1.6236484635416666,,
period4_cold_task27,period4_cold,4,cold,27,36448,2500,32,32,0.3125,1.6309857204861111,,
period4_cold_task28,period4_cold,4,cold,28,36448,2500,32,32,0.34375,1.794966796875,,
period4_cold_task29,period4_cold,4,cold,29,36448,2500,32,32,0.25,1.6477469878472224,,
period4_cold_task30,period4_cold,4,cold,30,36448,2500,32,32,0.1875,1.3744115104166665,,
period4_cold_task31,period4_cold,4,cold,31,36448,2500,32,32,0.125,1.8359071006944445,,
period4_cold_task32,period4_cold,4,cold,32,36448,2500,32,32,0.0625,1.4853628211805556,,
period4_cold_task33,period4_cold,4,cold,33,36448,2500,32,32,0.1875,1.6396565885416665,,
period4_cold_task34,period4_cold,4,cold,34,36448,2500,32,32,0.25,1.862585625,,
period4_cold_task35,period4_cold,4,cold,35,36448,2500,32,32,0.1875,1.8990681510416667,,
period4_cold_task36,period4_cold,4,cold,36,36448,2500,32,32,0.1875,0.7521393055555556,,
period4_cold_task37,period4_cold,4,cold,37,36448,2500,32,32,0.15625,1.5025074565972223,,
period4_cold_task38,period4_cold,4,cold,38,36448,2500,32,32,0.25,1.6083493229166665,,
period5_cold_task0,period5_cold,5,cold,0,34515,2500,32,32,0.09375,1.3470688888888889,,
period5_cold_task1,period5_cold,5,cold,1,34515,2500,32,32,0.125,1.8219384548611113,,
period5_cold_task2,period5_cold,5,cold,2,34515,2500,32,32,0.125,1.402136779513889,,
period5_cold_task3,period5_cold,5,cold,3,34515,2500,32,32,0.03125,1.5985558940972222,,
period5_cold_task4,period5_cold,5,cold,4,34515,2500,32,32,0.15625,1.0060338194444445,,
period5_cold_task5,period5_cold,5,cold,5,34515,2500,32,32,0.125,1.5539164062500002,,
period5_cold_task6,period5_cold,5,cold,6,34515,2500,32,32,0.0625,1.376830894097222,,
period5_cold_task7,period5_cold,5,cold,7,34515,2500,32,32,0.03125,1.395999296875,,
period5_cold_task8,period5_cold,5,cold,8,34515,2500,32,32,0.09375,1.504797092013889,,
period5_cold_task9,period5_cold,5,cold,9,34515,2500,32,32,0.15625,1.337874357638889,,
period5_cold_task10,period5_cold,5,cold,10,34515,2500,32,32,0.28125,1.5795299045138889,,
period5_cold_task11,period5_cold,5,cold,11,34515,2500,32,32,0.1875,1.734553185763889,,
period5_cold_task12,period5_cold,5,cold,12,34515,2500,32,32,0.125,1.2446373003472222,,
period5_cold_task13,period5_cold,5,cold,13,34515,2500,32,32,0.15625,1.7264064322916666,,
period5_cold_task14,period5_cold,5,cold,14,34515,2500,32,32,0.125,-0.2964956076388887,,
period5_cold_task15,period5_cold,5,cold,15,34515,2500,32,32,0.09375,1.1259879427083335,,
period5_cold_task16,period5_cold,5,cold,16,34515,2500,32,32,0.125,1.5134864756944444,,
period5_cold_task17,period5_cold,5,cold,17,34515,2500,32,32,0.15625,1.6110568576388888,,
period5_cold_task18,period5_cold,5,cold,18,34515,2500,32,32,0.125,1.9174707899305554,,
period5_cold_task19,period5_cold,5,cold,19,34515,2500,32,32,0.25,1.2256723871527777,,
period5_cold_task20,period5_cold,5,cold,20,34515,2500,32,32,0.125,1.500797890625,,
period5_cold_task21,period5_cold,5,cold,21,34515,2500,32,32,0.125,0.6885315451388889,,
period5_cold_task22,period5_cold,5,cold,22,34515,2500,32,32,0.125,1.340472578125,,
period5_cold_task23,period5_cold,5,cold,23,34515,2500,32,32,0.1875,1.563045182291667,,
period5_cold_task24,period5_cold,5,cold,24,34515,2500,32,32,0.125,1.8367653906249999,,
period5_cold_task25,period5_cold,5,cold,25,34515,2500,32,32,0.25,1.5003256684027777,,
period5_cold_task26,period5_cold,5,cold,26,34515,2500,32,32,0.25,1.492203342013889,,
period5_cold_task27,period5_cold,5,cold,27,34515,2500,32,32,0.15625,1.3531605815972223,,
period5_cold_task28,period5_cold,5,cold,28,34515,2500,32,32,0.21875,1.1121732465277776,,
period5_cold_task29,period5_cold,5,cold,29,34515,2500,32,32,0.09375,1.7314484027777777,,
period5_cold_task30,period5_cold,5,cold,30,34515,2500,32,32,0.15625,1.455078984375,,
period5_cold_task31,period5_cold,5,cold,31,34515,2500,32,32,0.0625,1.2509589322916668,,
period5_cold_task32,period5_cold,5,cold,32,34515,2500,32,32,0.1875,0.9914219791666667,,
period5_cold_task33,period5_cold,5,cold,33,34515,2500,32,32,0.15625,1.4301253298611112,,
period5_cold_task34,period5_cold,5,cold,34,34515,2500,32,32,0.1875,1.585811050347222,,
period5_cold_task35,period5_cold,5,cold,35,34515,2500,32,32,0.1875,1.5854260156250002,,
period5_cold_task36,period5_cold,5,cold,36,34515,2500,32,32,0.15625,0.6245211545138887,,
period5_cold_task37,period5_cold,5,cold,37,34515,2500,32,32,0.15625,1.3524419010416666,,
period5_cold_task38,period5_cold,5,cold,38,34515,2500,32,32,0.21875,1.6722088888888889,,
period6_cold_task0,period6_cold,6,cold,0,37153,2500,32,32,0.09375,1.6038440364583333,,
period6_cold_task1,period6_cold,6,cold,1,37153,2500,32,32,0.1875,1.679160798611111,,
period6_cold_task2,period6_cold,6,cold,2,37153,2500,32,32,0.125,-1.0160488368055556,,
period6_cold_task3,period6_cold,6,cold,3,37153,2500,32,32,0.03125,1.431701032986111,,
period6_cold_task4,period6_cold,6,cold,4,37153,2500,32,32,0.15625,1.651054097222222,,
period6_cold_task5,period6_cold,6,cold,5,37153,2500,32,32,0.21875,1.8543314756944445,,
period6_cold_task6,period6_cold,6,cold,6,37153,2500,32,32,0.0625,1.6825289496527778,,
period6_cold_task7,period6_cold,6,cold,7,37153,2500,32,32,0.28125,1.1977490711805556,,
period6_cold_task8,period6_cold,6,cold,8,37153,2500,32,32,0.125,1.6794526649305554,,
period6_cold_task9,period6_cold,6,cold,9,37153,2500,32,32,0.3125,0.9838245833333333,,
period6_cold_task10,period6_cold,6,cold,10,37153,2500,32,32,0.1875,1.5450091927083334,,
period6_cold_task11,period6_cold,6,cold,11,37153,2500,32,32,0.125,1.8753882378472222,,
period6_cold_task12,period6_cold,6,cold,12,37153,2500,32,32,0.125,1.708167595486111,,
period6_cold_task13,period6_cold,6,cold,13,37153,2500,32,32,0.125,1.5551685416666667,,
period6_cold_task14,period6_cold,6,cold,14,37153,2500,32,32,0.3125,0.10268206597222218,,
period6_cold_task15,period6_cold,6,cold,15,37153,2500,32,32,0.25,0.5058729774305555,,
period6_cold_task16,period6_cold,6,cold,16,37153,2500,32,32,0.21875,1.9357619270833333,,
period6_cold_task17,period6_cold,6,cold,17,37153,2500,32,32,0.3125,1.622836640625,,
period6_cold_task18,period6_cold,6,cold,18,37153,2500,32,32,0.125,0.32629656249999994,,
period6_cold_task19,period6_cold,6,cold,19,37153,2500,32,32,0.15625,1.9315980989583332,,
period6_cold_task20,period6_cold,6,cold,20,37153,2500,32,32,0.1875,-15.193920355902778,,
period6_cold_task21,period6_cold,6,cold,21,37153,2500,32,32,0.1875,1.3456825954861111,,
period6_cold_task22,period6_cold,6,cold,22,37153,2500,32,32,0.25,1.8158402517361112,,
period6_cold_task23,period6_cold,6,cold,23,37153,2500,32,32,0.1875,1.4293426996527778,,
period6_cold_task24,period6_cold,6,cold,24,37153,2500,32,32,0.25,1.742208168402778,,
period6_cold_task25,period6_cold,6,cold,25,37153,2500,32,32,0.21875,1.918823828125,,
period6_cold_task26,period6_cold,6,cold,26,37153,2500,32,32,0.1875,1.6574692274305556,,
period6_cold_task27,period6_cold,6,cold,27,37153,2500,32,32,0.25,-0.468977100694445,,
period6_cold_task28,period6_cold,6,cold,28,37153,2500,32,32,0.25,1.022546328125,,
period6_cold_task29,period6_cold,6,cold,29,37153,2500,32,32,0.15625,1.7995170920138888,,
period6_cold_task30,period6_cold,6,cold,30,37153,2500,32,32,0.25,1.626945998263889,,
period6_cold_task31,period6_cold,6,cold,31,37153,2500,32,32,0.125,1.7874658072916665,,
period6_cold_task32,period6_cold,6,cold,32,37153,2500,32,32,0.125,1.5817602256944445,,
period6_cold_task33,period6_cold,6,cold,33,37153,2500,32,32,0.125,1.8736936631944445,,
period6_cold_task34,period6_cold,6,cold,34,37153,2500,32,32,0.21875,1.5790913802083333,,
period6_cold_task35,period6_cold,6,cold,35,37153,2500,32,32,0.1875,1.6714241840277777,,
period6_cold_task36,period6_cold,6,cold,36,37153,2500,32,32,0.25,1.809468125,,
period6_cold_task37,period6_cold,6,cold,37,37153,2500,32,32,0.09375,1.7950978125,,
period6_cold_task38,period6_cold,6,cold,38,37153,2500,32,32,0.15625,1.8578843836805556,,
period7_cold_task0,period7_cold,7,cold,0,16926,2500,32,32,0.21875,1.9034016840277777,,
period7_cold_task1,period7_cold,7,cold,1,16926,2500,32,32,0.125,0.5928787673611113,,
period7_cold_task2,period7_cold,7,cold,2,16926,2500,32,32,0.09375,1.8157702604166666,,
period7_cold_task3,period7_cold,7,cold,3,16926,2500,32,32,0.25,2.0472048350694445,,
period7_cold_task4,period7_cold,7,cold,4,16926,2500,32,32,0.125,2.048379045138889,,
period7_cold_task5,period7_cold,7,cold,5,16926,2500,32,32,0.25,1.4204391319444445,,
period7_cold_task6,period7_cold,7,cold,6,16926,2500,32,32,0.21875,1.5509708333333334,,
period7_cold_task7,period7_cold,7,cold,7,16926,2500,32,32,0.09375,1.8160995052083333,,
period7_cold_task8,period7_cold,7,cold,8,16926,2500,32,32,0.15625,1.8266830295138892,,
period7_cold_task9,period7_cold,7,cold,9,16926,2500,32,32,0.0625,1.9201846701388887,,
period7_cold_task10,period7_cold,7,cold,10,16926,2500,32,32,0.09375,1.9560504861111112,,
period7_cold_task11,period7_cold,7,cold,11,16926,2500,32,32,0.09375,1.527222560763889,,
period7_cold_task12,period7_cold,7,cold,12,16926,2500,32,32,0.21875,1.9090364496527776,,
period7_cold_task13,period7_cold,7,cold,13,16926,2500,32,32,0.15625,1.710101032986111,,
period7_cold_task14,period7_cold,7,cold,14,16926,2500,32,32,0.125,1.9669086805555556,,
period7_cold_task15,period7_cold,7,cold,15,16926,2500,32,32,0.15625,1.9267090364583332,,
period7_cold_task16,period7_cold,7,cold,16,16926,2500,32,32,0.09375,1.7162231770833334,,
period7_cold_task17,period7_cold,7,cold,17,16926,2500,32,32,0.15625,1.0251295572916668,,
period7_cold_task18,period7_cold,7,cold,18,16926,2500,32,32,0.25,-0.574555737847222,,
period7_cold_task19,period7_cold,7,cold,19,16926,2500,32,32,0.1875,2.0400000694444445,,
period7_cold_task20,period7_cold,7,cold,20,16926,2500,32,32,0.09375,1.755246918402778,,
period7_cold_task21,period7_cold,7,cold,21,16926,2500,32,32,0.1875,-0.04151859375000011,,
period7_cold_task22,period7_cold,7,cold,22,16926,2500,32,32,0.21875,1.8229479947916667,,
period7_cold_task23,period7_cold,7,cold,23,16926,2500,32,32,0.1875,1.5386061892361111,,
period7_cold_task24,period7_cold,7,cold,24,16926,2500,32,32,0.09375,1.268061701388889,,
period7_cold_task25,period7_cold,7,cold,25,16926,2500,32,32,0.28125,1.3008863368055554,,
period7_cold_task26,period7_cold,7,cold,26,16926,2500,32,32,0.15625,1.6707705902777779,,
period7_cold_task27,period7_cold,7,cold,27,16926,2500,32,32,0.03125,1.7394192534722221,,
period7_cold_task28,period7_cold,7,cold,28,16926,2500,32,32,0.25,2.0792516319444445,,
period7_cold_task29,period7_cold,7,cold,29,16926,2500,32,32,0.3125,2.018984409722222,,
period7_cold_task30,period7_cold,7,cold,30,16926,2500,32,32,0.25,1.8118655902777778,,
period7_cold_task31,period7_cold,7,cold,31,16926,2500,32,32,0.125,1.8363364583333337,,
period7_cold_task32,period7_cold,7,cold,32,16926,2500,32,32,0.46875,-0.039326319444444424,,
period7_cold_task33,period7_cold,7,cold,33,16926,2500,32,32,0.21875,1.7038913802083333,,
period7_cold_task34,period7_cold,7,cold,34,16926,2500,32,32,0.125,1.4103017534722224,,
period7_cold_task35,period7_cold,7,cold,35,16926,2500,32,32,0.25,1.9953470486111111,,
period7_cold_task36,period7_cold,7,cold,36,16926,2500,32,32,0.25,1.5692558767361109,,
period7_cold_task37,period7_cold,7,cold,37,16926,2500,32,32,0.28125,-0.35417624131944436,,
period7_cold_task38,period7_cold,7,cold,38,16926,2500,32,32,0.125,1.5350954774305556,,
period0_hot_task0,period0_hot,0,hot,0,679312,5000,32,32,0.53125,16.632651927083334,2500.0,5000.0
period0_hot_task1,period0_hot,0,hot,1,679312,5000,32,32,0.4375,250.04353633680554,2500.0,5000.0
period0_hot_task2,period0_hot,0,hot,2,679312,5000,32,32,0.53125,29.556460590277776,2500.0,5000.0
period0_hot_task3,period0_hot,0,hot,3,679312,5000,32,32,0.53125,32.285528246527775,2500.0,5000.0
period0_hot_task4,period0_hot,0,hot,4,679312,5000,32,32,0.5625,32.85420123263889,2500.0,5000.0
period0_hot_task5,period0_hot,0,hot,5,679312,5000,32,32,0.40625,28.229325407986114,2500.0,5000.0
period0_hot_task6,period0_hot,0,hot,6,679312,5000,32,32,0.4375,31.64323157986111,2500.0,5000.0
period0_hot_task7,period0_hot,0,hot,7,679312,5000,32,32,0.5625,207.4232975173611,2500.0,5000.0
period0_hot_task8,period0_hot,0,hot,8,679312,5000,32,32,0.40625,305.4220420746527,2500.0,5000.0
period0_hot_task9,period0_hot,0,hot,9,679312,5000,32,32,0.5,1241.2940947222223,2500.0,5000.0
period0_hot_task10,period0_hot,0,hot,10,679312,5000,32,32,0.375,576.7323196006945,2500.0,5000.0
period0_hot_task11,period0_hot,0,hot,11,679312,5000,32,32,0.625,900.3032733072918,2500.0,5000.0
period0_hot_task12,period0_hot,0,hot,12,679312,5000,32,32,0.5625,28.659217847222223,2500.0,5000.0
period0_hot_task13,period0_hot,0,hot,13,679312,5000,32,32,0.625,26.068155477430555,2500.0,5000.0
period0_hot_task14,period0_hot,0,hot,14,679312,5000,32,32,0.5625,28.1891853125,2500.0,5000.0
period0_hot_task15,period0_hot,0,hot,15,679312,5000,32,32,0.46875,34.085731510416664,2500.0,5000.0
period0_hot_task16,period0_hot,0,hot,16,679312,5000,32,32,0.5,25.978349053819443,2500.0,5000.0
period0_hot_task17,period0_hot,0,hot,17,679312,5000,32,32,0.4375,33.93046783854167,2500.0,5000.0
period0_hot_task18,period0_hot,0,hot,18,679312,5000,32,32,0.5,27.542218151041666,2500.0,5000.0
period0_hot_task19,period0_hot,0,hot,19,679312,5000,32,32,0.59375,27.144490668402778,2500.0,5000.0
period0_hot_task20,period0_hot,0,hot,20,679312,5000,32,32,0.40625,41.56869292534722,2500.0,5000.0
period0_hot_task21,period0_hot,0,hot,21,679312,5000,32,32,0.40625,26.630877135416664,2500.0,5000.0
period0_hot_task22,period0_hot,0,hot,22,679312,5000,32,32,0.40625,40.92950953993056,2500.0,5000.0
period0_hot_task23,period0_hot,0,hot,23,679312,5000,32,32,0.5625,52.49093606770833,2500.0,5000.0
period0_hot_task24,period0_hot,0,hot,24,679312,5000,32,32,0.5,25.685418255208333,2500.0,5000.0
period0_hot_task25,period0_hot,0,hot,25,679312,5000,32,32,0.375,32.653046328125,2500.0,5000.0
period0_hot_task26,period0_hot,0,hot,26,679312,5000,32,32,0.65625,390.23181056423607,2500.0,5000.0
period0_hot_task27,period0_hot,0,hot,27,679312,5000,32,32,0.40625,28.71501923611111,2500.0,5000.0
period0_hot_task28,period0_hot,0,hot,28,679312,5000,32,32,0.5,30.19899216145833,2500.0,5000.0
period0_hot_task29,period0_hot,0,hot,29,679312,5000,32,32,0.375,85.62125356770832,2500.0,5000.0
period0_hot_task30,period0_hot,0,hot,30,679312,5000,32,32,0.4375,37.087693854166666,2500.0,5000.0
period0_hot_task31,period0_hot,0,hot,31,679312,5000,32,32,0.65625,20.425121666666666,2500.0,5000.0
period0_hot_task32,period0_hot,0,hot,32,679312,5000,32,32,0.4375,30.299671866319443,2500.0,5000.0
period0_hot_task33,period0_hot,0,hot,33,679312,5000,32,32,0.34375,35.57686931423611,2500.0,5000.0
period0_hot_task34,period0_hot,0,hot,34,679312,5000,32,32,0.5625,31.793043038194444,2500.0,5000.0
period0_hot_task35,period0_hot,0,hot,35,679312,5000,32,32,0.34375,47.92558217881945,2500.0,5000.0
period0_hot_task36,period0_hot,0,hot,36,679312,5000,32,32,0.46875,29.12581262152778,2500.0,5000.0
period0_hot_task37,period0_hot,0,hot,37,679312,5000,32,32,0.5,28.862084062500003,2500.0,5000.0
period0_hot_task38,period0_hot,0,hot,38,679312,5000,32,32,0.28125,35.64053666666667,2500.0,5000.0
period0_hot_task39,period0_hot,0,hot,39,679312,5000,32,32,0.28125,33.056048706597224,2500.0,5000.0
period0_hot_task40,period0_hot,0,hot,40,679312,5000,32,32,0.59375,286.11372010416665,2500.0,5000.0
period0_hot_task41,period0_hot,0,hot,41,679312,5000,32,32,0.46875,36.06708153645833,2500.0,5000.0
period0_hot_task42,period0_hot,0,hot,42,679312,5000,32,32,0.53125,34.23299586805555,2500.0,5000.0
period0_hot_task43,period0_hot,0,hot,43,679312,5000,32,32,0.46875,24.788335399305552,2500.0,5000.0
period0_hot_task44,period0_hot,0,hot,44,679312,5000,32,32,0.34375,37.222385546874996,2500.0,5000.0
period0_hot_task45,period0_hot,0,hot,45,679312,5000,32,32,0.59375,30.440713359374996,2500.0,5000.0
period0_hot_task46,period0_hot,0,hot,46,679312,5000,32,32,0.65625,27.197476406249997,2500.0,5000.0
period0_hot_task47,period0_hot,0,hot,47,679312,5000,32,32,0.53125,134.67742495659724,2500.0,5000.0
period0_hot_task48,period0_hot,0,hot,48,679312,5000,32,32,0.46875,35.077926284722224,2500.0,5000.0
period0_hot_task49,period0_hot,0,hot,49,679312,5000,32,32,0.375,37.77413917534722,2500.0,5000.0
period0_hot_task50,period0_hot,0,hot,50,679312,5000,32,32,0.46875,23.39939048611111,2500.0,5000.0
period0_hot_task51,period0_hot,0,hot,51,679312,5000,32,32,0.40625,26.783001597222224,2500.0,5000.0
period0_hot_task52,period0_hot,0,hot,52,679312,5000,32,32,0.5,161.09720157986112,2500.0,5000.0
period0_hot_task53,period0_hot,0,hot,53,679312,5000,32,32,0.5625,27.878353333333333,2500.0,5000.0
period0_hot_task54,period0_hot,0,hot,54,679312,5000,32,32,0.5,28.509901440972225,2500.0,5000.0
period0_hot_task55,period0_hot,0,hot,55,679312,5000,32,32,0.625,134.00317932291665,2500.0,5000.0
period0_hot_task56,period0_hot,0,hot,56,679312,5000,32,32,0.5625,26.844655703125,2500.0,5000.0
period0_hot_task57,period0_hot,0,hot,57,679312,5000,32,32,0.59375,380.33666663194447,2500.0,5000.0
period0_hot_task58,period0_hot,0,hot,58,679312,5000,32,32,0.59375,21.172941371527777,2500.0,5000.0
period0_hot_task59,period0_hot,0,hot,59,679312,5000,32,32,0.4375,429.80629545138896,2500.0,5000.0
period0_hot_task60,period0_hot,0,hot,60,679312,5000,32,32,0.625,707.8492268142361,2500.0,5000.0
period0_hot_task61,period0_hot,0,hot,61,679312,5000,32,32,0.625,21.826198645833337,2500.0,5000.0
period0_hot_task62,period0_hot,0,hot,62,679312,5000,32,32,0.5625,26.090550703125,2500.0,5000.0
period0_hot_task63,period0_hot,0,hot,63,679312,5000,32,32,0.53125,30.307282126736112,2500.0,5000.0
period0_hot_task64,period0_hot,0,hot,64,679312,5000,32,32,0.59375,26.52434685763889,2500.0,5000.0
period0_hot_task65,period0_hot,0,hot,65,679312,5000,32,32,0.5,33.48745985243056,2500.0,5000.0
period0_hot_task66,period0_hot,0,hot,66,679312,5000,32,32,0.53125,25.646746397569444,2500.0,5000.0
period0_hot_task67,period0_hot,0,hot,67,679312,5000,32,32,0.5,37.15636413194444,2500.0,5000.0
period0_hot_task68,period0_hot,0,hot,68,679312,5000,32,32,0.59375,35.97017100694445,2500.0,5000.0
period0_hot_task69,period0_hot,0,hot,69,679312,5000,32,32,0.5,104.31288908854167,2500.0,5000.0
period0_hot_task70,period0_hot,0,hot,70,679312,5000,32,32,0.5,28.8001665625,2500.0,5000.0
period0_hot_task71,period0_hot,0,hot,71,679312,5000,32,32,0.375,153.33059249131946,2500.0,5000.0
period0_hot_task72,period0_hot,0,hot,72,679312,5000,32,32,0.65625,35.809024218750004,2500.0,5000.0
period0_hot_task73,period0_hot,0,hot,73,679312,5000,32,32,0.5625,1042.071787795139,2500.0,5000.0
period0_hot_task74,period0_hot,0,hot,74,679312,5000,32,32,0.375,31.33166788194444,2500.0,5000.0
period0_hot_task75,period0_hot,0,hot,75,679312,5000,32,32,0.4375,858.0068445399304,2500.0,5000.0
period0_hot_task76,period0_hot,0,hot,76,679312,5000,32,32,0.53125,31.971632265625,2500.0,5000.0
period0_hot_task77,period0_hot,0,hot,77,679312,5000,32,32,0.40625,30.420861736111114,2500.0,5000.0
period1_hot_task0,period1_hot,1,hot,0,226137,490,32,32,0.53125,28.86517839409722,245.0,490.0
period1_hot_task1,period1_hot,1,hot,1,226137,490,32,32,0.53125,36.55054868923611,245.0,490.0
period1_hot_task2,period1_hot,1,hot,2,226137,490,32,32,0.375,34.36231574652778,245.0,490.0
period1_hot_task3,period1_hot,1,hot,3,226137,490,32,32,0.5625,29.13221777777778,245.0,490.0
period1_hot_task4,period1_hot,1,hot,4,226137,490,32,32,0.4375,36.715689088541666,245.0,490.0
period1_hot_task5,period1_hot,1,hot,5,226137,490,32,32,0.5,24.61708681423611,245.0,490.0
period2_hot_task0,period2_hot,2,hot,0,124710,3608,32,32,0.5,32.32633300347222,1804.0,3608.0
period2_hot_task1,period2_hot,2,hot,1,124710,3608,32,32,0.59375,33.862941041666666,1804.0,3608.0
period2_hot_task2,period2_hot,2,hot,2,124710,3608,32,32,0.40625,37.82692377604167,1804.0,3608.0
period2_hot_task3,period2_hot,2,hot,3,124710,3608,32,32,0.5625,37.40802644097222,1804.0,3608.0
period2_hot_task4,period2_hot,2,hot,4,124710,3608,32,32,0.46875,64.78593240451389,1804.0,3608.0
period2_hot_task5,period2_hot,2,hot,5,124710,3608,32,32,0.5,46.46387589409722,1804.0,3608.0
period2_hot_task6,period2_hot,2,hot,6,124710,3608,32,32,0.53125,70.98379367187499,1804.0,3608.0
period2_hot_task7,period2_hot,2,hot,7,124710,3608,32,32,0.4375,37.170424331597225,1804.0,3608.0
period2_hot_task8,period2_hot,2,hot,8,124710,3608,32,32,0.40625,31.49307349826389,1804.0,3608.0
period2_hot_task9,period2_hot,2,hot,9,124710,3608,32,32,0.4375,39.84911775173611,1804.0,3608.0
period2_hot_task10,period2_hot,2,hot,10,124710,3608,32,32,0.46875,31.704046354166667,1804.0,3608.0
period2_hot_task11,period2_hot,2,hot,11,124710,3608,32,32,0.25,45.74003782986111,1804.0,3608.0
period2_hot_task12,period2_hot,2,hot,12,124710,3608,32,32,0.53125,244.02595823784722,1804.0,3608.0
period2_hot_task13,period2_hot,2,hot,13,124710,3608,32,32,0.59375,222.9578476996528,1804.0,3608.0
period2_hot_task14,period2_hot,2,hot,14,124710,3608,32,32,0.53125,30.030883342013887,1804.0,3608.0
period2_hot_task15,period2_hot,2,hot,15,124710,3608,32,32,0.53125,32.85662166666667,1804.0,3608.0
period2_hot_task16,period2_hot,2,hot,16,124710,3608,32,32,0.53125,30.966361258680557,1804.0,3608.0
period2_hot_task17,period2_hot,2,hot,17,124710,3608,32,32,0.46875,1034.3423826736112,1804.0,3608.0
period2_hot_task18,period2_hot,2,hot,18,124710,3608,32,32,0.53125,30.474957526041667,1804.0,3608.0
period2_hot_task19,period2_hot,2,hot,19,124710,3608,32,32,0.40625,40.33929245659722,1804.0,3608.0
period2_hot_task20,period2_hot,2,hot,20,124710,3608,32,32,0.59375,134.43714964409722,1804.0,3608.0
period2_hot_task21,period2_hot,2,hot,21,124710,3608,32,32,0.34375,42.70481717881945,1804.0,3608.0
period2_hot_task22,period2_hot,2,hot,22,124710,3608,32,32,0.46875,32.587580208333335,1804.0,3608.0
period2_hot_task23,period2_hot,2,hot,23,124710,3608,32,32,0.65625,23.224076519097224,1804.0,3608.0
period2_hot_task24,period2_hot,2,hot,24,124710,3608,32,32,0.46875,39.20051624131945,1804.0,3608.0
period2_hot_task25,period2_hot,2,hot,25,124710,3608,32,32,0.40625,32.258251796875,1804.0,3608.0
period2_hot_task26,period2_hot,2,hot,26,124710,3608,32,32,0.59375,750.6233553559027,1804.0,3608.0
period2_hot_task27,period2_hot,2,hot,27,124710,3608,32,32,0.40625,35.537663333333334,1804.0,3608.0
period2_hot_task28,period2_hot,2,hot,28,124710,3608,32,32,0.5,38.46988525173611,1804.0,3608.0
period2_hot_task29,period2_hot,2,hot,29,124710,3608,32,32,0.4375,38.62042621527778,1804.0,3608.0
period2_hot_task30,period2_hot,2,hot,30,124710,3608,32,32,0.375,35.30589420138889,1804.0,3608.0
period2_hot_task31,period2_hot,2,hot,31,124710,3608,32,32,0.5,34.45647035590278,1804.0,3608.0
period2_hot_task32,period2_hot,2,hot,32,124710,3608,32,32,0.46875,1200.0355075434031,1804.0,3608.0
period2_hot_task33,period2_hot,2,hot,33,124710,3608,32,32,0.46875,38.12205568576388,1804.0,3608.0
period2_hot_task34,period2_hot,2,hot,34,124710,3608,32,32,0.65625,27.11301498263889,1804.0,3608.0
period2_hot_task35,period2_hot,2,hot,35,124710,3608,32,32,0.4375,938.6361111371527,1804.0,3608.0
period2_hot_task36,period2_hot,2,hot,36,124710,3608,32,32,0.46875,35.20583267361111,1804.0,3608.0
period2_hot_task37,period2_hot,2,hot,37,124710,3608,32,32,0.5,32.89403940104167,1804.0,3608.0
period2_hot_task38,period2_hot,2,hot,38,124710,3608,32,32,0.59375,213.7351118402778,1804.0,3608.0
period2_hot_task39,period2_hot,2,hot,39,124710,3608,32,32,0.46875,40.30812266493055,1804.0,3608.0
period2_hot_task40,period2_hot,2,hot,40,124710,3608,32,32,0.5,33.69002051215278,1804.0,3608.0
period2_hot_task41,period2_hot,2,hot,41,124710,3608,32,32,0.53125,30.44822060763889,1804.0,3608.0
period2_hot_task42,period2_hot,2,hot,42,124710,3608,32,32,0.4375,41.014952248263896,1804.0,3608.0
period2_hot_task43,period2_hot,2,hot,43,124710,3608,32,32,0.5,38.201241189236114,1804.0,3608.0
period2_hot_task44,period2_hot,2,hot,44,124710,3608,32,32,0.5,71.82588720486112,1804.0,3608.0
period2_hot_task45,period2_hot,2,hot,45,124710,3608,32,32,0.5625,125.5123628732639,1804.0,3608.0
period2_hot_task46,period2_hot,2,hot,46,124710,3608,32,32,0.59375,29.07718961805556,1804.0,3608.0
period2_hot_task47,period2_hot,2,hot,47,124710,3608,32,32,0.4375,37.704493984375006,1804.0,3608.0
period2_hot_task48,period2_hot,2,hot,48,124710,3608,32,32,0.4375,103.06946666666668,1804.0,3608.0
period2_hot_task49,period2_hot,2,hot,49,124710,3608,32,32,0.4375,207.73386334201393,1804.0,3608.0
period2_hot_task50,period2_hot,2,hot,50,124710,3608,32,32,0.46875,31.302761701388885,1804.0,3608.0
period2_hot_task51,period2_hot,2,hot,51,124710,3608,32,32,0.5,99.57645894965277,1804.0,3608.0
period2_hot_task52,period2_hot,2,hot,52,124710,3608,32,32,0.40625,33.112603489583336,1804.0,3608.0
period2_hot_task53,period2_hot,2,hot,53,124710,3608,32,32,0.375,31.745880269097224,1804.0,3608.0
period2_hot_task54,period2_hot,2,hot,54,124710,3608,32,32,0.625,28.339032196180554,1804.0,3608.0
period2_hot_task55,period2_hot,2,hot,55,124710,3608,32,32,0.5625,34.93363291666667,1804.0,3608.0
period3_hot_task0,period3_hot,3,hot,0,748541,5000,32,32,0.5625,27.45375631076389,2500.0,5000.0
period3_hot_task1,period3_hot,3,hot,1,748541,5000,32,32,0.65625,658.6562392100693,2500.0,5000.0
period3_hot_task2,period3_hot,3,hot,2,748541,5000,32,32,0.40625,43.21083905381944,2500.0,5000.0
period3_hot_task3,period3_hot,3,hot,3,748541,5000,32,32,0.4375,37.030870390625,2500.0,5000.0
period3_hot_task4,period3_hot,3,hot,4,748541,5000,32,32,0.53125,29.745873958333334,2500.0,5000.0
period3_hot_task5,period3_hot,3,hot,5,748541,5000,32,32,0.5625,534.9612122222222,2500.0,5000.0
period3_hot_task6,period3_hot,3,hot,6,748541,5000,32,32,0.53125,34.28280084201389,2500.0,5000.0
period3_hot_task7,period3_hot,3,hot,7,748541,5000,32,32,0.6875,41.496479843749995,2500.0,5000.0
period3_hot_task8,period3_hot,3,hot,8,748541,5000,32,32,0.40625,39.519498515624996,2500.0,5000.0
period3_hot_task9,period3_hot,3,hot,9,748541,5000,32,32,0.53125,49.957231692708326,2500.0,5000.0
period3_hot_task10,period3_hot,3,hot,10,748541,5000,32,32,0.46875,30.550498159722224,2500.0,5000.0
period3_hot_task11,period3_hot,3,hot,11,748541,5000,32,32,0.5,33.63626033854167,2500.0,5000.0
period3_hot_task12,period3_hot,3,hot,12,748541,5000,32,32,0.59375,249.7915024045139,2500.0,5000.0
period3_hot_task13,period3_hot,3,hot,13,748541,5000,32,32,0.5,32.249790026041666,2500.0,5000.0
period3_hot_task14,period3_hot,3,hot,14,748541,5000,32,32,0.5,34.53959217881945,2500.0,5000.0
period3_hot_task15,period3_hot,3,hot,15,748541,5000,32,32,0.5,72.68912069444445,2500.0,5000.0
period3_hot_task16,period3_hot,3,hot,16,748541,5000,32,32,0.625,30.243429270833335,2500.0,5000.0
period3_hot_task17,period3_hot,3,hot,17,748541,5000,32,32,0.375,33.689687282986114,2500.0,5000.0
period3_hot_task18,period3_hot,3,hot,18,748541,5000,32,32,0.59375,33.14450027777778,2500.0,5000.0
period3_hot_task19,period3_hot,3,hot,19,748541,5000,32,32,0.46875,35.69676237847222,2500.0,5000.0
period3_hot_task20,period3_hot,3,hot,20,748541,5000,32,32,0.5,34.283316571180556,2500.0,5000.0
period3_hot_task21,period3_hot,3,hot,21,748541,5000,32,32,0.5,36.75927712673611,2500.0,5000.0
period3_hot_task22,period3_hot,3,hot,22,748541,5000,32,32,0.65625,24.332447673611114,2500.0,5000.0
period3_hot_task23,period3_hot,3,hot,23,748541,5000,32,32,0.625,24.530664175347223,2500.0,5000.0
period3_hot_task24,period3_hot,3,hot,24,748541,5000,32,32,0.5625,40.837163420138886,2500.0,5000.0
period3_hot_task25,period3_hot,3,hot,25,748541,5000,32,32,0.53125,28.150039444444445,2500.0,5000.0
period3_hot_task26,period3_hot,3,hot,26,748541,5000,32,32,0.5625,32.03388725694444,2500.0,5000.0
period3_hot_task27,period3_hot,3,hot,27,748541,5000,32,32,0.5,32.80908400173611,2500.0,5000.0
period3_hot_task28,period3_hot,3,hot,28,748541,5000,32,32,0.5,32.67671449652778,2500.0,5000.0
period3_hot_task29,period3_hot,3,hot,29,748541,5000,32,32,0.5625,22.163460121527777,2500.0,5000.0
period3_hot_task30,period3_hot,3,hot,30,748541,5000,32,32,0.5625,74.75179866319445,2500.0,5000.0
period3_hot_task31,period3_hot,3,hot,31,748541,5000,32,32,0.5,1221.3499334461808,2500.0,5000.0
period3_hot_task32,period3_hot,3,hot,32,748541,5000,32,32,0.65625,29.777328767361112,2500.0,5000.0
period3_hot_task33,period3_hot,3,hot,33,748541,5000,32,32,0.5,30.774062708333332,2500.0,5000.0
period3_hot_task34,period3_hot,3,hot,34,748541,5000,32,32,0.5,33.585330546875,2500.0,5000.0
period3_hot_task35,period3_hot,3,hot,35,748541,5000,32,32,0.5625,29.00608067708333,2500.0,5000.0
period3_hot_task36,period3_hot,3,hot,36,748541,5000,32,32,0.40625,35.61010371527777,2500.0,5000.0
period3_hot_task37,period3_hot,3,hot,37,748541,5000,32,32,0.53125,32.099182734375006,2500.0,5000.0
period3_hot_task38,period3_hot,3,hot,38,748541,5000,32,32,0.53125,35.879339453125,2500.0,5000.0
period3_hot_task39,period3_hot,3,hot,39,748541,5000,32,32,0.5,34.52942875868056,2500.0,5000.0
period3_hot_task40,period3_hot,3,hot,40,748541,5000,32,32,0.4375,48.469829600694446,2500.0,5000.0
period3_hot_task41,period3_hot,3,hot,41,748541,5000,32,32,0.4375,48.18248769965278,2500.0,5000.0
period3_hot_task42,period3_hot,3,hot,42,748541,5000,32,32,0.25,41.006685607638886,2500.0,5000.0
period3_hot_task43,period3_hot,3,hot,43,748541,5000,32,32,0.5625,35.095577795138894,2500.0,5000.0
period3_hot_task44,period3_hot,3,hot,44,748541,5000,32,32,0.5,889.7721857986111,2500.0,5000.0
period3_hot_task45,period3_hot,3,hot,45,748541,5000,32,32,0.34375,37.74708564236111,2500.0,5000.0
period3_hot_task46,period3_hot,3,hot,46,748541,5000,32,32,0.4375,28.61133126736111,2500.0,5000.0
period3_hot_task47,period3_hot,3,hot,47,748541,5000,32,32,0.53125,34.815680998263886,2500.0,5000.0
period3_hot_task48,period3_hot,3,hot,48,748541,5000,32,32,0.5625,28.310486953124997,2500.0,5000.0
period3_hot_task49,period3_hot,3,hot,49,748541,5000,32,32,0.5,30.39234497395833,2500.0,5000.0
period3_hot_task50,period3_hot,3,hot,50,748541,5000,32,32,0.5,108.23311166666667,2500.0,5000.0
period3_hot_task51,period3_hot,3,hot,51,748541,5000,32,32,0.65625,113.83298128472222,2500.0,5000.0
period3_hot_task52,period3_hot,3,hot,52,748541,5000,32,32,0.53125,29.872413576388887,2500.0,5000.0
period3_hot_task53,period3_hot,3,hot,53,748541,5000,32,32,0.59375,96.65710224826388,2500.0,5000.0
period3_hot_task54,period3_hot,3,hot,54,748541,5000,32,32,0.5625,44.577764218750005,2500.0,5000.0
period3_hot_task55,period3_hot,3,hot,55,748541,5000,32,32,0.3125,45.29827152777778,2500.0,5000.0
period3_hot_task56,period3_hot,3,hot,56,748541,5000,32,32,0.625,1125.1529820399305,2500.0,5000.0
period3_hot_task57,period3_hot,3,hot,57,748541,5000,32,32,0.46875,36.95626369791667,2500.0,5000.0
period3_hot_task58,period3_hot,3,hot,58,748541,5000,32,32,0.4375,32.94621546875,2500.0,5000.0
period3_hot_task59,period3_hot,3,hot,59,748541,5000,32,32,0.53125,914.638528984375,2500.0,5000.0
period3_hot_task60,period3_hot,3,hot,60,748541,5000,32,32,0.59375,22.110348124999998,2500.0,5000.0
period3_hot_task61,period3_hot,3,hot,61,748541,5000,32,32,0.625,32.781420008680556,2500.0,5000.0
period3_hot_task62,period3_hot,3,hot,62,748541,5000,32,32,0.5625,999.0528816840279,2500.0,5000.0
period3_hot_task63,period3_hot,3,hot,63,748541,5000,32,32,0.625,25.96648310763889,2500.0,5000.0
period3_hot_task64,period3_hot,3,hot,64,748541,5000,32,32,0.4375,39.58303957465277,2500.0,5000.0
period3_hot_task65,period3_hot,3,hot,65,748541,5000,32,32,0.46875,38.351864114583336,2500.0,5000.0
period3_hot_task66,period3_hot,3,hot,66,748541,5000,32,32,0.5625,30.234329071180554,2500.0,5000.0
period3_hot_task67,period3_hot,3,hot,67,748541,5000,32,32,0.53125,27.51759050347222,2500.0,5000.0
period3_hot_task68,period3_hot,3,hot,68,748541,5000,32,32,0.53125,25.96382001736111,2500.0,5000.0
period3_hot_task69,period3_hot,3,hot,69,748541,5000,32,32,0.59375,33.91412305555556,2500.0,5000.0
period3_hot_task70,period3_hot,3,hot,70,748541,5000,32,32,0.53125,34.11392256076389,2500.0,5000.0
period3_hot_task71,period3_hot,3,hot,71,748541,5000,32,32,0.46875,34.41063163194445,2500.0,5000.0
period3_hot_task72,period3_hot,3,hot,72,748541,5000,32,32,0.53125,32.15237770833333,2500.0,5000.0
period3_hot_task73,period3_hot,3,hot,73,748541,5000,32,32,0.59375,33.97711685763889,2500.0,5000.0
period3_hot_task74,period3_hot,3,hot,74,748541,5000,32,32,0.5625,30.77175422743056,2500.0,5000.0
period3_hot_task75,period3_hot,3,hot,75,748541,5000,32,32,0.46875,29.200549192708333,2500.0,5000.0
period3_hot_task76,period3_hot,3,hot,76,748541,5000,32,32,0.4375,570.695627717014,2500.0,5000.0
period3_hot_task77,period3_hot,3,hot,77,748541,5000,32,32,0.5,425.69568307291667,2500.0,5000.0
period4_hot_task0,period4_hot,4,hot,0,990006,5000,32,32,0.4375,34.668420052083334,2500.0,5000.0
period4_hot_task1,period4_hot,4,hot,1,990006,5000,32,32,0.6875,27.260546380208332,2500.0,5000.0
period4_hot_task2,period4_hot,4,hot,2,990006,5000,32,32,0.625,27.054044618055556,2500.0,5000.0
period4_hot_task3,period4_hot,4,hot,3,990006,5000,32,32,0.5625,31.169800381944448,2500.0,5000.0
period4_hot_task4,period4_hot,4,hot,4,990006,5000,32,32,0.53125,32.701670937500005,2500.0,5000.0
period4_hot_task5,period4_hot,4,hot,5,990006,5000,32,32,0.59375,128.16504966145834,2500.0,5000.0
period4_hot_task6,period4_hot,4,hot,6,990006,5000,32,32,0.53125,172.61976824652777,2500.0,5000.0
period4_hot_task7,period4_hot,4,hot,7,990006,5000,32,32,0.625,28.49990353298611,2500.0,5000.0
period4_hot_task8,period4_hot,4,hot,8,990006,5000,32,32,0.5,32.770040164930556,2500.0,5000.0
period4_hot_task9,period4_hot,4,hot,9,990006,5000,32,32,0.625,42.52848225694444,2500.0,5000.0
period4_hot_task10,period4_hot,4,hot,10,990006,5000,32,32,0.4375,92.78411619791666,2500.0,5000.0
period4_hot_task11,period4_hot,4,hot,11,990006,5000,32,32,0.46875,32.113290373263894,2500.0,5000.0
period4_hot_task12,period4_hot,4,hot,12,990006,5000,32,32,0.4375,52.460338480902784,2500.0,5000.0
period4_hot_task13,period4_hot,4,hot,13,990006,5000,32,32,0.40625,31.031918697916666,2500.0,5000.0
period4_hot_task14,period4_hot,4,hot,14,990006,5000,32,32,0.5,488.7138583072917,2500.0,5000.0
period4_hot_task15,period4_hot,4,hot,15,990006,5000,32,32,0.53125,210.04711269965279,2500.0,5000.0
period4_hot_task16,period4_hot,4,hot,16,990006,5000,32,32,0.5625,28.60349584201389,2500.0,5000.0
period4_hot_task17,period4_hot,4,hot,17,990006,5000,32,32,0.5,32.522129184027776,2500.0,5000.0
period4_hot_task18,period4_hot,4,hot,18,990006,5000,32,32,0.5625,39.04088896701389,2500.0,5000.0
period4_hot_task19,period4_hot,4,hot,19,990006,5000,32,32,0.53125,23.619240703125,2500.0,5000.0
period4_hot_task20,period4_hot,4,hot,20,990006,5000,32,32,0.53125,26.120012604166668,2500.0,5000.0
period4_hot_task21,period4_hot,4,hot,21,990006,5000,32,32,0.5,32.91517020833333,2500.0,5000.0
period4_hot_task22,period4_hot,4,hot,22,990006,5000,32,32,0.53125,124.52731822916667,2500.0,5000.0
period4_hot_task23,period4_hot,4,hot,23,990006,5000,32,32,0.46875,35.95780274305556,2500.0,5000.0
period4_hot_task24,period4_hot,4,hot,24,990006,5000,32,32,0.40625,38.95202671875,2500.0,5000.0
period4_hot_task25,period4_hot,4,hot,25,990006,5000,32,32,0.40625,30.355980850694444,2500.0,5000.0
period4_hot_task26,period4_hot,4,hot,26,990006,5000,32,32,0.375,147.19960582465276,2500.0,5000.0
period4_hot_task27,period4_hot,4,hot,27,990006,5000,32,32,0.53125,30.00884282986111,2500.0,5000.0
period4_hot_task28,period4_hot,4,hot,28,990006,5000,32,32,0.53125,34.454003281249996,2500.0,5000.0
period4_hot_task29,period4_hot,4,hot,29,990006,5000,32,32,0.375,34.657732925347226,2500.0,5000.0
period4_hot_task30,period4_hot,4,hot,30,990006,5000,32,32,0.6875,24.68579652777778,2500.0,5000.0
period4_hot_task31,period4_hot,4,hot,31,990006,5000,32,32,0.53125,30.289514644097224,2500.0,5000.0
period4_hot_task32,period4_hot,4,hot,32,990006,5000,32,32,0.5625,26.43889484375,2500.0,5000.0
period4_hot_task33,period4_hot,4,hot,33,990006,5000,32,32,0.53125,35.29337902777778,2500.0,5000.0
period4_hot_task34,period4_hot,4,hot,34,990006,5000,32,32,0.53125,28.809824427083335,2500.0,5000.0
period4_hot_task35,period4_hot,4,hot,35,990006,5000,32,32,0.59375,26.32698185763889,2500.0,5000.0
period4_hot_task36,period4_hot,4,hot,36,990006,5000,32,32,0.3125,33.70447464409722,2500.0,5000.0
period4_hot_task37,period4_hot,4,hot,37,990006,5000,32,32,0.4375,85.20483223090278,2500.0,5000.0
period4_hot_task38,period4_hot,4,hot,38,990006,5000,32,32,0.46875,35.37601521701389,2500.0,5000.0
period4_hot_task39,period4_hot,4,hot,39,990006,5000,32,32,0.40625,29.50293084201389,2500.0,5000.0
period4_hot_task40,period4_hot,4,hot,40,990006,5000,32,32,0.5,141.5676554861111,2500.0,5000.0
period4_hot_task41,period4_hot,4,hot,41,990006,5000,32,32,0.625,29.913439418402778,2500.0,5000.0
period4_hot_task42,period4_hot,4,hot,42,990006,5000,32,32,0.625,908.2282592013888,2500.0,5000.0
period4_hot_task43,period4_hot,4,hot,43,990006,5000,32,32,0.375,33.77699711805556,2500.0,5000.0
period4_hot_task44,period4_hot,4,hot,44,990006,5000,32,32,0.46875,32.654952039930556,2500.0,5000.0
period4_hot_task45,period4_hot,4,hot,45,990006,5000,32,32,0.4375,29.55380683159722,2500.0,5000.0
period4_hot_task46,period4_hot,4,hot,46,990006,5000,32,32,0.4375,157.12237982638888,2500.0,5000.0
period4_hot_task47,period4_hot,4,hot,47,990006,5000,32,32,0.625,354.7995317274306,2500.0,5000.0
period4_hot_task48,period4_hot,4,hot,48,990006,5000,32,32,0.65625,47.15747256076389,2500.0,5000.0
period4_hot_task49,period4_hot,4,hot,49,990006,5000,32,32,0.5625,1246.739518767361,2500.0,5000.0
period4_hot_task50,period4_hot,4,hot,50,990006,5000,32,32,0.375,36.03028893229167,2500.0,5000.0
period4_hot_task51,period4_hot,4,hot,51,990006,5000,32,32,0.59375,45.91859709201389,2500.0,5000.0
period4_hot_task52,period4_hot,4,hot,52,990006,5000,32,32,0.46875,30.917713446180557,2500.0,5000.0
period4_hot_task53,period4_hot,4,hot,53,990006,5000,32,32,0.59375,225.15241049479164,2500.0,5000.0
period4_hot_task54,period4_hot,4,hot,54,990006,5000,32,32,0.6875,27.116335598958333,2500.0,5000.0
period4_hot_task55,period4_hot,4,hot,55,990006,5000,32,32,0.65625,61.02496341145834,2500.0,5000.0
period4_hot_task56,period4_hot,4,hot,56,990006,5000,32,32,0.46875,30.313809071180557,2500.0,5000.0
period4_hot_task57,period4_hot,4,hot,57,990006,5000,32,32,0.59375,35.39401846354166,2500.0,5000.0
period4_hot_task58,period4_hot,4,hot,58,990006,5000,32,32,0.375,34.41192966145833,2500.0,5000.0
period4_hot_task59,period4_hot,4,hot,59,990006,5000,32,32,0.65625,27.113631119791666,2500.0,5000.0
period4_hot_task60,period4_hot,4,hot,60,990006,5000,32,32,0.40625,33.313649418402775,2500.0,5000.0
period4_hot_task61,period4_hot,4,hot,61,990006,5000,32,32,0.5,299.92794625868055,2500.0,5000.0
period4_hot_task62,period4_hot,4,hot,62,990006,5000,32,32,0.40625,44.64714390625,2500.0,5000.0
period4_hot_task63,period4_hot,4,hot,63,990006,5000,32,32,0.53125,29.240493524305553,2500.0,5000.0
period4_hot_task64,period4_hot,4,hot,64,990006,5000,32,32,0.53125,30.982303246527778,2500.0,5000.0
period4_hot_task65,period4_hot,4,hot,65,990006,5000,32,32,0.53125,33.98391030381944,2500.0,5000.0
period4_hot_task66,period4_hot,4,hot,66,990006,5000,32,32,0.375,687.5218050260418,2500.0,5000.0
period4_hot_task67,period4_hot,4,hot,67,990006,5000,32,32,0.5625,30.883504505208332,2500.0,5000.0
period4_hot_task68,period4_hot,4,hot,68,990006,5000,32,32,0.40625,34.16857137152778,2500.0,5000.0
period4_hot_task69,period4_hot,4,hot,69,990006,5000,32,32,0.5,40.175837092013886,2500.0,5000.0
period4_hot_task70,period4_hot,4,hot,70,990006,5000,32,32,0.4375,33.18114812500001,2500.0,5000.0
period4_hot_task71,period4_hot,4,hot,71,990006,5000,32,32,0.5625,1124.355943637153,2500.0,5000.0
period4_hot_task72,period4_hot,4,hot,72,990006,5000,32,32,0.46875,21.744675269097222,2500.0,5000.0
period4_hot_task73,period4_hot,4,hot,73,990006,5000,32,32,0.46875,37.392876744791664,2500.0,5000.0
period4_hot_task74,period4_hot,4,hot,74,990006,5000,32,32,0.4375,36.63333421875,2500.0,5000.0
period4_hot_task75,period4_hot,4,hot,75,990006,5000,32,32,0.59375,27.35316651041667,2500.0,5000.0
period4_hot_task76,period4_hot,4,hot,76,990006,5000,32,32,0.53125,30.04854644965278,2500.0,5000.0
period4_hot_task77,period4_hot,4,hot,77,990006,5000,32,32,0.53125,207.444340078125,2500.0,5000.0
period5_hot_task0,period5_hot,5,hot,0,1127725,5000,32,32,0.625,300.8242851041667,2500.0,5000.0
period5_hot_task1,period5_hot,5,hot,1,1127725,5000,32,32,0.5625,30.50782756076389,2500.0,5000.0
period5_hot_task2,period5_hot,5,hot,2,1127725,5000,32,32,0.375,39.38330504340278,2500.0,5000.0
period5_hot_task3,period5_hot,5,hot,3,1127725,5000,32,32,0.46875,645.788277890625,2500.0,5000.0
period5_hot_task4,period5_hot,5,hot,4,1127725,5000,32,32,0.6875,166.43641665798611,2500.0,5000.0
period5_hot_task5,period5_hot,5,hot,5,1127725,5000,32,32,0.53125,37.745618524305556,2500.0,5000.0
period5_hot_task6,period5_hot,5,hot,6,1127725,5000,32,32,0.65625,700.7771855555555,2500.0,5000.0
period5_hot_task7,period5_hot,5,hot,7,1127725,5000,32,32,0.53125,28.668153723958334,2500.0,5000.0
period5_hot_task8,period5_hot,5,hot,8,1127725,5000,32,32,0.4375,30.291087960069447,2500.0,5000.0
period5_hot_task9,period5_hot,5,hot,9,1127725,5000,32,32,0.40625,34.039694357638886,2500.0,5000.0
period5_hot_task10,period5_hot,5,hot,10,1127725,5000,32,32,0.5,28.28756371527778,2500.0,5000.0
period5_hot_task11,period5_hot,5,hot,11,1127725,5000,32,32,0.5625,143.12204577256946,2500.0,5000.0
period5_hot_task12,period5_hot,5,hot,12,1127725,5000,32,32,0.375,26.40439734375,2500.0,5000.0
period5_hot_task13,period5_hot,5,hot,13,1127725,5000,32,32,0.5,36.501443871527776,2500.0,5000.0
period5_hot_task14,period5_hot,5,hot,14,1127725,5000,32,32,0.5,512.69046125,2500.0,5000.0
period5_hot_task15,period5_hot,5,hot,15,1127725,5000,32,32,0.46875,1209.7658269444444,2500.0,5000.0
period5_hot_task16,period5_hot,5,hot,16,1127725,5000,32,32,0.53125,742.1459364930556,2500.0,5000.0
period5_hot_task17,period5_hot,5,hot,17,1127725,5000,32,32,0.53125,53.57247851562501,2500.0,5000.0
period5_hot_task18,period5_hot,5,hot,18,1127725,5000,32,32,0.625,24.38421793402778,2500.0,5000.0
period5_hot_task19,period5_hot,5,hot,19,1127725,5000,32,32,0.59375,31.477890729166667,2500.0,5000.0
period5_hot_task20,period5_hot,5,hot,20,1127725,5000,32,32,0.4375,40.614026189236114,2500.0,5000.0
period5_hot_task21,period5_hot,5,hot,21,1127725,5000,32,32,0.40625,507.83972221354156,2500.0,5000.0
period5_hot_task22,period5_hot,5,hot,22,1127725,5000,32,32,0.5625,25.090183888888888,2500.0,5000.0
period5_hot_task23,period5_hot,5,hot,23,1127725,5000,32,32,0.46875,30.377340998263893,2500.0,5000.0
period5_hot_task24,period5_hot,5,hot,24,1127725,5000,32,32,0.4375,30.52429983506945,2500.0,5000.0
period5_hot_task25,period5_hot,5,hot,25,1127725,5000,32,32,0.46875,32.877988420138884,2500.0,5000.0
period5_hot_task26,period5_hot,5,hot,26,1127725,5000,32,32,0.46875,28.52076223090278,2500.0,5000.0
period5_hot_task27,period5_hot,5,hot,27,1127725,5000,32,32,0.34375,32.33518203993056,2500.0,5000.0
period5_hot_task28,period5_hot,5,hot,28,1127725,5000,32,32,0.40625,33.94608311631944,2500.0,5000.0
period5_hot_task29,period5_hot,5,hot,29,1127725,5000,32,32,0.59375,23.378446302083333,2500.0,5000.0
period5_hot_task30,period5_hot,5,hot,30,1127725,5000,32,32,0.65625,40.06731003472222,2500.0,5000.0
period5_hot_task31,period5_hot,5,hot,31,1127725,5000,32,32,0.59375,28.287380885416667,2500.0,5000.0
period5_hot_task32,period5_hot,5,hot,32,1127725,5000,32,32,0.5625,31.083406319444446,2500.0,5000.0
period5_hot_task33,period5_hot,5,hot,33,1127725,5000,32,32,0.625,20.259724539930556,2500.0,5000.0
period5_hot_task34,period5_hot,5,hot,34,1127725,5000,32,32,0.59375,29.306662986111114,2500.0,5000.0
period5_hot_task35,period5_hot,5,hot,35,1127725,5000,32,32,0.53125,204.85766182291667,2500.0,5000.0
period5_hot_task36,period5_hot,5,hot,36,1127725,5000,32,32,0.5625,29.02577314236111,2500.0,5000.0
period5_hot_task37,period5_hot,5,hot,37,1127725,5000,32,32,0.28125,34.57353714409722,2500.0,5000.0
period5_hot_task38,period5_hot,5,hot,38,1127725,5000,32,32,0.40625,27.66764756076389,2500.0,5000.0
period5_hot_task39,period5_hot,5,hot,39,1127725,5000,32,32,0.5,29.763354973958332,2500.0,5000.0
period5_hot_task40,period5_hot,5,hot,40,1127725,5000,32,32,0.5,23.96499115451389,2500.0,5000.0
period5_hot_task41,period5_hot,5,hot,41,1127725,5000,32,32,0.4375,39.22421464409722,2500.0,5000.0
period5_hot_task42,period5_hot,5,hot,42,1127725,5000,32,32,0.4375,39.66791530381945,2500.0,5000.0
period5_hot_task43,period5_hot,5,hot,43,1127725,5000,32,32,0.53125,22.54699421875,2500.0,5000.0
period5_hot_task44,period5_hot,5,hot,44,1127725,5000,32,32,0.46875,33.031017048611105,2500.0,5000.0
period5_hot_task45,period5_hot,5,hot,45,1127725,5000,32,32,0.53125,31.224087144097226,2500.0,5000.0
period5_hot_task46,period5_hot,5,hot,46,1127725,5000,32,32,0.375,29.485512421875,2500.0,5000.0
period5_hot_task47,period5_hot,5,hot,47,1127725,5000,32,32,0.59375,25.669539071180555,2500.0,5000.0
period5_hot_task48,period5_hot,5,hot,48,1127725,5000,32,32,0.46875,28.472048532986108,2500.0,5000.0
period5_hot_task49,period5_hot,5,hot,49,1127725,5000,32,32,0.5,25.564768550347218,2500.0,5000.0
period5_hot_task50,period5_hot,5,hot,50,1127725,5000,32,32,0.3125,32.86798802951389,2500.0,5000.0
period5_hot_task51,period5_hot,5,hot,51,1127725,5000,32,32,0.28125,40.12592478298612,2500.0,5000.0
period5_hot_task52,period5_hot,5,hot,52,1127725,5000,32,32,0.59375,19.96572810763889,2500.0,5000.0
period5_hot_task53,period5_hot,5,hot,53,1127725,5000,32,32,0.375,38.00522618923611,2500.0,5000.0
period5_hot_task54,period5_hot,5,hot,54,1127725,5000,32,32,0.5,27.740809071180557,2500.0,5000.0
period5_hot_task55,period5_hot,5,hot,55,1127725,5000,32,32,0.4375,34.761776736111116,2500.0,5000.0
period5_hot_task56,period5_hot,5,hot,56,1127725,5000,32,32,0.59375,25.74980342013889,2500.0,5000.0
period5_hot_task57,period5_hot,5,hot,57,1127725,5000,32,32,0.59375,342.16240396701386,2500.0,5000.0
period5_hot_task58,period5_hot,5,hot,58,1127725,5000,32,32,0.59375,63.96443144097222,2500.0,5000.0
period5_hot_task59,period5_hot,5,hot,59,1127725,5000,32,32,0.53125,112.49638278645833,2500.0,5000.0
period5_hot_task60,period5_hot,5,hot,60,1127725,5000,32,32,0.5,37.560619609374996,2500.0,5000.0
period5_hot_task61,period5_hot,5,hot,61,1127725,5000,32,32,0.53125,25.372558133680556,2500.0,5000.0
period5_hot_task62,period5_hot,5,hot,62,1127725,5000,32,32,0.46875,532.6907735069444,2500.0,5000.0
period5_hot_task63,period5_hot,5,hot,63,1127725,5000,32,32,0.5,18.949691440972224,2500.0,5000.0
period5_hot_task64,period5_hot,5,hot,64,1127725,5000,32,32,0.4375,228.68059880208332,2500.0,5000.0
period5_hot_task65,period5_hot,5,hot,65,1127725,5000,32,32,0.34375,33.308315156249996,2500.0,5000.0
period5_hot_task66,period5_hot,5,hot,66,1127725,5000,32,32,0.53125,28.54345550347222,2500.0,5000.0
period5_hot_task67,period5_hot,5,hot,67,1127725,5000,32,32,0.53125,32.89155,2500.0,5000.0
period5_hot_task68,period5_hot,5,hot,68,1127725,5000,32,32,0.4375,32.33254954861111,2500.0,5000.0
period5_hot_task69,period5_hot,5,hot,69,1127725,5000,32,32,0.5,61.28662246527777,2500.0,5000.0
period5_hot_task70,period5_hot,5,hot,70,1127725,5000,32,32,0.40625,30.50566417534722,2500.0,5000.0
period5_hot_task71,period5_hot,5,hot,71,1127725,5000,32,32,0.625,26.61111697916667,2500.0,5000.0
period5_hot_task72,period5_hot,5,hot,72,1127725,5000,32,32,0.46875,33.299827907986106,2500.0,5000.0
period5_hot_task73,period5_hot,5,hot,73,1127725,5000,32,32,0.46875,26.40971241319445,2500.0,5000.0
period5_hot_task74,period5_hot,5,hot,74,1127725,5000,32,32,0.46875,314.99059494791663,2500.0,5000.0
period5_hot_task75,period5_hot,5,hot,75,1127725,5000,32,32,0.625,17.5759496875,2500.0,5000.0
period5_hot_task76,period5_hot,5,hot,76,1127725,5000,32,32,0.65625,29.61966390625,2500.0,5000.0
period5_hot_task77,period5_hot,5,hot,77,1127725,5000,32,32,0.6875,17.88581699652778,2500.0,5000.0
period6_hot_task0,period6_hot,6,hot,0,1088295,5000,32,32,0.34375,738.0350486458334,2500.0,5000.0
period6_hot_task1,period6_hot,6,hot,1,1088295,5000,32,32,0.40625,36.84929454861111,2500.0,5000.0
period6_hot_task2,period6_hot,6,hot,2,1088295,5000,32,32,0.5,26.86288232638889,2500.0,5000.0
period6_hot_task3,period6_hot,6,hot,3,1088295,5000,32,32,0.65625,32.31031650173611,2500.0,5000.0
period6_hot_task4,period6_hot,6,hot,4,1088295,5000,32,32,0.4375,28.69537046875,2500.0,5000.0
period6_hot_task5,period6_hot,6,hot,5,1088295,5000,32,32,0.5625,26.216016302083332,2500.0,5000.0
period6_hot_task6,period6_hot,6,hot,6,1088295,5000,32,32,0.5,28.810310677083333,2500.0,5000.0
period6_hot_task7,period6_hot,6,hot,7,1088295,5000,32,32,0.46875,28.239581493055553,2500.0,5000.0
period6_hot_task8,period6_hot,6,hot,8,1088295,5000,32,32,0.46875,35.26910910590278,2500.0,5000.0
period6_hot_task9,period6_hot,6,hot,9,1088295,5000,32,32,0.59375,22.82942066840278,2500.0,5000.0
period6_hot_task10,period6_hot,6,hot,10,1088295,5000,32,32,0.59375,24.95605904513889,2500.0,5000.0
period6_hot_task11,period6_hot,6,hot,11,1088295,5000,32,32,0.40625,112.70908796874998,2500.0,5000.0
period6_hot_task12,period6_hot,6,hot,12,1088295,5000,32,32,0.40625,29.003438888888887,2500.0,5000.0
period6_hot_task13,period6_hot,6,hot,13,1088295,5000,32,32,0.5,34.70457703125,2500.0,5000.0
period6_hot_task14,period6_hot,6,hot,14,1088295,5000,32,32,0.53125,27.351812621527777,2500.0,5000.0
period6_hot_task15,period6_hot,6,hot,15,1088295,5000,32,32,0.625,415.67851771701385,2500.0,5000.0
period6_hot_task16,period6_hot,6,hot,16,1088295,5000,32,32,0.4375,304.5172582291667,2500.0,5000.0
period6_hot_task17,period6_hot,6,hot,17,1088295,5000,32,32,0.46875,54.839522387152776,2500.0,5000.0
period6_hot_task18,period6_hot,6,hot,18,1088295,5000,32,32,0.375,32.015669548611115,2500.0,5000.0
period6_hot_task19,period6_hot,6,hot,19,1088295,5000,32,32,0.34375,41.42509920138889,2500.0,5000.0
period6_hot_task20,period6_hot,6,hot,20,1088295,5000,32,32,0.625,1726.4733546180557,2500.0,5000.0
period6_hot_task21,period6_hot,6,hot,21,1088295,5000,32,32,0.53125,25.365872074652778,2500.0,5000.0
period6_hot_task22,period6_hot,6,hot,22,1088295,5000,32,32,0.4375,29.496476875000003,2500.0,5000.0
period6_hot_task23,period6_hot,6,hot,23,1088295,5000,32,32,0.46875,58.57201056423611,2500.0,5000.0
period6_hot_task24,period6_hot,6,hot,24,1088295,5000,32,32,0.5625,26.895638072916668,2500.0,5000.0
period6_hot_task25,period6_hot,6,hot,25,1088295,5000,32,32,0.65625,694.2470319878471,2500.0,5000.0
period6_hot_task26,period6_hot,6,hot,26,1088295,5000,32,32,0.40625,28.608762230902776,2500.0,5000.0
period6_hot_task27,period6_hot,6,hot,27,1088295,5000,32,32,0.65625,49.55865277777778,2500.0,5000.0
period6_hot_task28,period6_hot,6,hot,28,1088295,5000,32,32,0.5625,161.08671349826383,2500.0,5000.0
period6_hot_task29,period6_hot,6,hot,29,1088295,5000,32,32,0.59375,24.994761857638892,2500.0,5000.0
period6_hot_task30,period6_hot,6,hot,30,1088295,5000,32,32,0.53125,25.371665772569443,2500.0,5000.0
period6_hot_task31,period6_hot,6,hot,31,1088295,5000,32,32,0.625,29.729953967013884,2500.0,5000.0
period6_hot_task32,period6_hot,6,hot,32,1088295,5000,32,32,0.375,1394.654219696181,2500.0,5000.0
period6_hot_task33,period6_hot,6,hot,33,1088295,5000,32,32,0.3125,39.31992006076389,2500.0,5000.0
period6_hot_task34,period6_hot,6,hot,34,1088295,5000,32,32,0.53125,32.26029873263889,2500.0,5000.0
period6_hot_task35,period6_hot,6,hot,35,1088295,5000,32,32,0.5,33.575430373263885,2500.0,5000.0
period6_hot_task36,period6_hot,6,hot,36,1088295,5000,32,32,0.53125,56.85803269965278,2500.0,5000.0
period6_hot_task37,period6_hot,6,hot,37,1088295,5000,32,32,0.34375,39.18852019965277,2500.0,5000.0
period6_hot_task38,period6_hot,6,hot,38,1088295,5000,32,32,0.5625,26.023360026041665,2500.0,5000.0
period6_hot_task39,period6_hot,6,hot,39,1088295,5000,32,32,0.59375,35.687712760416666,2500.0,5000.0
period6_hot_task40,period6_hot,6,hot,40,1088295,5000,32,32,0.46875,33.109826519097226,2500.0,5000.0
period6_hot_task41,period6_hot,6,hot,41,1088295,5000,32,32,0.625,34.605024895833324,2500.0,5000.0
period6_hot_task42,period6_hot,6,hot,42,1088295,5000,32,32,0.40625,840.8035008159724,2500.0,5000.0
period6_hot_task43,period6_hot,6,hot,43,1088295,5000,32,32,0.53125,27.703411701388887,2500.0,5000.0
period6_hot_task44,period6_hot,6,hot,44,1088295,5000,32,32,0.4375,31.571055381944447,2500.0,5000.0
period6_hot_task45,period6_hot,6,hot,45,1088295,5000,32,32,0.5,30.73084147569444,2500.0,5000.0
period6_hot_task46,period6_hot,6,hot,46,1088295,5000,32,32,0.5625,34.14802911458334,2500.0,5000.0
period6_hot_task47,period6_hot,6,hot,47,1088295,5000,32,32,0.5625,27.282946649305558,2500.0,5000.0
period6_hot_task48,period6_hot,6,hot,48,1088295,5000,32,32,0.46875,47.080604045138884,2500.0,5000.0
period6_hot_task49,period6_hot,6,hot,49,1088295,5000,32,32,0.4375,29.728635798611112,2500.0,5000.0
period6_hot_task50,period6_hot,6,hot,50,1088295,5000,32,32,0.625,594.7729036718749,2500.0,5000.0
period6_hot_task51,period6_hot,6,hot,51,1088295,5000,32,32,0.53125,27.559579253472222,2500.0,5000.0
period6_hot_task52,period6_hot,6,hot,52,1088295,5000,32,32,0.5625,26.833584244791666,2500.0,5000.0
period6_hot_task53,period6_hot,6,hot,53,1088295,5000,32,32,0.5,23.642763333333335,2500.0,5000.0
period6_hot_task54,period6_hot,6,hot,54,1088295,5000,32,32,0.25,27.749854340277775,2500.0,5000.0
period6_hot_task55,period6_hot,6,hot,55,1088295,5000,32,32,0.5,25.566586145833334,2500.0,5000.0
period6_hot_task56,period6_hot,6,hot,56,1088295,5000,32,32,0.4375,629.9557766493056,2500.0,5000.0
period6_hot_task57,period6_hot,6,hot,57,1088295,5000,32,32,0.40625,32.33155986979167,2500.0,5000.0
period6_hot_task58,period6_hot,6,hot,58,1088295,5000,32,32,0.46875,28.809655208333332,2500.0,5000.0
period6_hot_task59,period6_hot,6,hot,59,1088295,5000,32,32,0.46875,31.780971362847218,2500.0,5000.0
period6_hot_task60,period6_hot,6,hot,60,1088295,5000,32,32,0.3125,33.04452525173611,2500.0,5000.0
period6_hot_task61,period6_hot,6,hot,61,1088295,5000,32,32,0.5625,23.234636519097222,2500.0,5000.0
period6_hot_task62,period6_hot,6,hot,62,1088295,5000,32,32,0.46875,25.41437015625,2500.0,5000.0
period6_hot_task63,period6_hot,6,hot,63,1088295,5000,32,32,0.46875,25.295033472222222,2500.0,5000.0
period6_hot_task64,period6_hot,6,hot,64,1088295,5000,32,32,0.59375,24.033562890625,2500.0,5000.0
period6_hot_task65,period6_hot,6,hot,65,1088295,5000,32,32,0.625,182.00554539062497,2500.0,5000.0
period6_hot_task66,period6_hot,6,hot,66,1088295,5000,32,32,0.4375,29.713125086805555,2500.0,5000.0
period6_hot_task67,period6_hot,6,hot,67,1088295,5000,32,32,0.625,25.958057569444446,2500.0,5000.0
period6_hot_task68,period6_hot,6,hot,68,1088295,5000,32,32,0.46875,25.980726770833332,2500.0,5000.0
period6_hot_task69,period6_hot,6,hot,69,1088295,5000,32,32,0.5625,29.254420286458334,2500.0,5000.0
period6_hot_task70,period6_hot,6,hot,70,1088295,5000,32,32,0.75,336.10053310763897,2500.0,5000.0
period6_hot_task71,period6_hot,6,hot,71,1088295,5000,32,32,0.5625,28.720003133680557,2500.0,5000.0
period6_hot_task72,period6_hot,6,hot,72,1088295,5000,32,32,0.4375,38.0109078125,2500.0,5000.0
period6_hot_task73,period6_hot,6,hot,73,1088295,5000,32,32,0.46875,206.92255176215278,2500.0,5000.0
period6_hot_task74,period6_hot,6,hot,74,1088295,5000,32,32,0.5625,217.30663471354168,2500.0,5000.0
period6_hot_task75,period6_hot,6,hot,75,1088295,5000,32,32,0.5,41.9927521875,2500.0,5000.0
period6_hot_task76,period6_hot,6,hot,76,1088295,5000,32,32,0.59375,32.99708459201389,2500.0,5000.0
period6_hot_task77,period6_hot,6,hot,77,1088295,5000,32,32,0.65625,78.76567993923611,2500.0,5000.0
period7_hot_task0,period7_hot,7,hot,0,835898,5000,32,32,0.65625,16.16182568576389,2500.0,5000.0
period7_hot_task1,period7_hot,7,hot,1,835898,5000,32,32,0.5625,62.181409036458334,2500.0,5000.0
period7_hot_task2,period7_hot,7,hot,2,835898,5000,32,32,0.375,92.74278418402777,2500.0,5000.0
period7_hot_task3,period7_hot,7,hot,3,835898,5000,32,32,0.53125,20.65273212673611,2500.0,5000.0
period7_hot_task4,period7_hot,7,hot,4,835898,5000,32,32,0.59375,171.47768475694446,2500.0,5000.0
period7_hot_task5,period7_hot,7,hot,5,835898,5000,32,32,0.6875,836.3225046093751,2500.0,5000.0
period7_hot_task6,period7_hot,7,hot,6,835898,5000,32,32,0.625,19.64657269097222,2500.0,5000.0
period7_hot_task7,period7_hot,7,hot,7,835898,5000,32,32,0.5,24.553742734375,2500.0,5000.0
period7_hot_task8,period7_hot,7,hot,8,835898,5000,32,32,0.5625,25.792384921874998,2500.0,5000.0
period7_hot_task9,period7_hot,7,hot,9,835898,5000,32,32,0.53125,21.780062743055552,2500.0,5000.0
period7_hot_task10,period7_hot,7,hot,10,835898,5000,32,32,0.625,22.288085772569445,2500.0,5000.0
period7_hot_task11,period7_hot,7,hot,11,835898,5000,32,32,0.46875,24.96765305555555,2500.0,5000.0
period7_hot_task12,period7_hot,7,hot,12,835898,5000,32,32,0.625,24.131891276041667,2500.0,5000.0
period7_hot_task13,period7_hot,7,hot,13,835898,5000,32,32,0.46875,54.187714401041674,2500.0,5000.0
period7_hot_task14,period7_hot,7,hot,14,835898,5000,32,32,0.46875,22.299618862847222,2500.0,5000.0
period7_hot_task15,period7_hot,7,hot,15,835898,5000,32,32,0.59375,187.75181532118054,2500.0,5000.0
period7_hot_task16,period7_hot,7,hot,16,835898,5000,32,32,0.40625,28.506550729166666,2500.0,5000.0
period7_hot_task17,period7_hot,7,hot,17,835898,5000,32,32,0.5625,26.854104375,2500.0,5000.0
period7_hot_task18,period7_hot,7,hot,18,835898,5000,32,32,0.625,24.55238595486111,2500.0,5000.0
period7_hot_task19,period7_hot,7,hot,19,835898,5000,32,32,0.5625,729.1085321527778,2500.0,5000.0
period7_hot_task20,period7_hot,7,hot,20,835898,5000,32,32,0.5625,23.159620260416666,2500.0,5000.0
period7_hot_task21,period7_hot,7,hot,21,835898,5000,32,32,0.625,19.039258003472224,2500.0,5000.0
period7_hot_task22,period7_hot,7,hot,22,835898,5000,32,32,0.53125,417.13081675347223,2500.0,5000.0
period7_hot_task23,period7_hot,7,hot,23,835898,5000,32,32,0.34375,561.8536530295139,2500.0,5000.0
period7_hot_task24,period7_hot,7,hot,24,835898,5000,32,32,0.5,252.49091600694445,2500.0,5000.0
period7_hot_task25,period7_hot,7,hot,25,835898,5000,32,32,0.53125,38.27267302083333,2500.0,5000.0
period7_hot_task26,period7_hot,7,hot,26,835898,5000,32,32,0.4375,28.611229366319442,2500.0,5000.0
period7_hot_task27,period7_hot,7,hot,27,835898,5000,32,32,0.5,29.66823074652778,2500.0,5000.0
period7_hot_task28,period7_hot,7,hot,28,835898,5000,32,32,0.4375,31.990419809027777,2500.0,5000.0
period7_hot_task29,period7_hot,7,hot,29,835898,5000,32,32,0.3125,37.72136796006944,2500.0,5000.0
period7_hot_task30,period7_hot,7,hot,30,835898,5000,32,32,0.625,45.259502508680555,2500.0,5000.0
period7_hot_task31,period7_hot,7,hot,31,835898,5000,32,32,0.625,20.175305503472224,2500.0,5000.0
period7_hot_task32,period7_hot,7,hot,32,835898,5000,32,32,0.53125,29.498401076388888,2500.0,5000.0
period7_hot_task33,period7_hot,7,hot,33,835898,5000,32,32,0.375,35.61113043402778,2500.0,5000.0
period7_hot_task34,period7_hot,7,hot,34,835898,5000,32,32,0.3125,33.53164353298611,2500.0,5000.0
period7_hot_task35,period7_hot,7,hot,35,835898,5000,32,32,0.40625,31.59368509548611,2500.0,5000.0
period7_hot_task36,period7_hot,7,hot,36,835898,5000,32,32,0.28125,39.43824782118055,2500.0,5000.0
period7_hot_task37,period7_hot,7,hot,37,835898,5000,32,32,0.5,27.432175416666666,2500.0,5000.0
period7_hot_task38,period7_hot,7,hot,38,835898,5000,32,32,0.65625,423.60672266493054,2500.0,5000.0
period7_hot_task39,period7_hot,7,hot,39,835898,5000,32,32,0.46875,28.526704600694444,2500.0,5000.0
period7_hot_task40,period7_hot,7,hot,40,835898,5000,32,32,0.4375,68.44691685763888,2500.0,5000.0
period7_hot_task41,period7_hot,7,hot,41,835898,5000,32,32,0.5,73.69192626736111,2500.0,5000.0
period7_hot_task42,period7_hot,7,hot,42,835898,5000,32,32,0.5,96.05068527777777,2500.0,5000.0
period7_hot_task43,period7_hot,7,hot,43,835898,5000,32,32,0.53125,21.56256861111111,2500.0,5000.0
period7_hot_task44,period7_hot,7,hot,44,835898,5000,32,32,0.65625,15.83664488715278,2500.0,5000.0
period7_hot_task45,period7_hot,7,hot,45,835898,5000,32,32,0.5625,64.66187790798611,2500.0,5000.0
period7_hot_task46,period7_hot,7,hot,46,835898,5000,32,32,0.625,78.80657152777778,2500.0,5000.0
period7_hot_task47,period7_hot,7,hot,47,835898,5000,32,32,0.4375,29.993297473958332,2500.0,5000.0
period7_hot_task48,period7_hot,7,hot,48,835898,5000,32,32,0.4375,35.74521963541666,2500.0,5000.0
period7_hot_task49,period7_hot,7,hot,49,835898,5000,32,32,0.4375,913.887393845486,2500.0,5000.0
period7_hot_task50,period7_hot,7,hot,50,835898,5000,32,32,0.46875,33.75942418402778,2500.0,5000.0
period7_hot_task51,period7_hot,7,hot,51,835898,5000,32,32,0.46875,28.849192647569446,2500.0,5000.0
period7_hot_task52,period7_hot,7,hot,52,835898,5000,32,32,0.53125,33.08485116319444,2500.0,5000.0
period7_hot_task53,period7_hot,7,hot,53,835898,5000,32,32,0.625,690.1608537673611,2500.0,5000.0
period7_hot_task54,period7_hot,7,hot,54,835898,5000,32,32,0.53125,60.681991536458334,2500.0,5000.0
period7_hot_task55,period7_hot,7,hot,55,835898,5000,32,32,0.5,28.94838576388889,2500.0,5000.0
period7_hot_task56,period7_hot,7,hot,56,835898,5000,32,32,0.53125,35.39247050347222,2500.0,5000.0
period7_hot_task57,period7_hot,7,hot,57,835898,5000,32,32,0.625,21.676412031250003,2500.0,5000.0
period7_hot_task58,period7_hot,7,hot,58,835898,5000,32,32,0.4375,31.247164348958332,2500.0,5000.0
period7_hot_task59,period7_hot,7,hot,59,835898,5000,32,32,0.59375,558.79713328125,2500.0,5000.0
period7_hot_task60,period7_hot,7,hot,60,835898,5000,32,32,0.46875,30.459937413194446,2500.0,5000.0
period7_hot_task61,period7_hot,7,hot,61,835898,5000,32,32,0.34375,193.74620721354165,2500.0,5000.0
period7_hot_task62,period7_hot,7,hot,62,835898,5000,32,32,0.4375,31.75511223090278,2500.0,5000.0
period7_hot_task63,period7_hot,7,hot,63,835898,5000,32,32,0.34375,92.87023652777778,2500.0,5000.0
period7_hot_task64,period7_hot,7,hot,64,835898,5000,32,32,0.5,30.552458194444444,2500.0,5000.0
period7_hot_task65,period7_hot,7,hot,65,835898,5000,32,32,0.5625,88.0759306857639,2500.0,5000.0
period7_hot_task66,period7_hot,7,hot,66,835898,5000,32,32,0.40625,24.725191189236114,2500.0,5000.0
period7_hot_task67,period7_hot,7,hot,67,835898,5000,32,32,0.375,38.135819947916666,2500.0,5000.0
period7_hot_task68,period7_hot,7,hot,68,835898,5000,32,32,0.6875,24.443284453125,2500.0,5000.0
period7_hot_task69,period7_hot,7,hot,69,835898,5000,32,32,0.59375,30.26313943576389,2500.0,5000.0
period7_hot_task70,period7_hot,7,hot,70,835898,5000,32,32,0.5,30.88594720486111,2500.0,5000.0
period7_hot_task71,period7_hot,7,hot,71,835898,5000,32,32,0.625,30.72115917534722,2500.0,5000.0
period7_hot_task72,period7_hot,7,hot,72,835898,5000,32,32,0.5,346.05449080729164,2500.0,5000.0
period7_hot_task73,period7_hot,7,hot,73,835898,5000,32,32,0.4375,44.886484019097225,2500.0,5000.0
period7_hot_task74,period7_hot,7,hot,74,835898,5000,32,32,0.53125,24.98109065972222,2500.0,5000.0
period7_hot_task75,period7_hot,7,hot,75,835898,5000,32,32,0.53125,26.675581388888887,2500.0,5000.0
period7_hot_task76,period7_hot,7,hot,76,835898,5000,32,32,0.53125,27.125615104166666,2500.0,5000.0
period7_hot_task77,period7_hot,7,hot,77,835898,5000,32,32,0.59375,21.997749227430557,2500.0,5000.0
